{
  "emscad": {
    "raw": {
      "accuracy": 0.8939929328621908,
      "precision": 0.8363636363636363,
      "recall": 0.9787234042553191,
      "f1": 0.9019607843137255,
      "confusion_matrix": [
        [
          115,
          27
        ],
        [
          3,
          138
        ]
      ],
      "n": 283
    },
    "fused": {
      "accuracy": 0.9045936395759717,
      "precision": 0.8518518518518519,
      "recall": 0.9787234042553191,
      "f1": 0.9108910891089109,
      "confusion_matrix": [
        [
          118,
          24
        ],
        [
          3,
          138
        ]
      ],
      "n": 283
    }
  },
  "adversarial": {
    "raw": {
      "accuracy": 0.625,
      "precision": 0.5714285714285714,
      "recall": 1.0,
      "f1": 0.7272727272727273,
      "confusion_matrix": [
        [
          5,
          15
        ],
        [
          0,
          20
        ]
      ],
      "n": 40
    },
    "fused": {
      "accuracy": 0.7,
      "precision": 0.625,
      "recall": 1.0,
      "f1": 0.7692307692307693,
      "confusion_matrix": [
        [
          8,
          12
        ],
        [
          0,
          20
        ]
      ],
      "n": 40
    }
  }
}