{
  "adversarial": {
    "v1": {
      "accuracy": 1.0,
      "precision": 1.0,
      "recall": 1.0,
      "f1": 1.0,
      "confusion_matrix": [
        [
          20,
          0
        ],
        [
          0,
          20
        ]
      ]
    },
    "v2_OR": {
      "accuracy": 0.625,
      "precision": 0.5714285714285714,
      "recall": 1.0,
      "f1": 0.7272727272727273,
      "confusion_matrix": [
        [
          5,
          15
        ],
        [
          0,
          20
        ]
      ]
    },
    "v3_compromise": {
      "accuracy": 0.7,
      "precision": 0.625,
      "recall": 1.0,
      "f1": 0.7692307692307693,
      "confusion_matrix": [
        [
          8,
          12
        ],
        [
          0,
          20
        ]
      ]
    },
    "raw": {
      "accuracy": 0.625,
      "precision": 0.5714285714285714,
      "recall": 1.0,
      "f1": 0.7272727272727273,
      "confusion_matrix": [
        [
          5,
          15
        ],
        [
          0,
          20
        ]
      ]
    }
  },
  "emscad_heldout": {
    "v1": {
      "accuracy": 0.6678445229681979,
      "precision": 0.9272727272727272,
      "recall": 0.3617021276595745,
      "f1": 0.5204081632653061,
      "confusion_matrix": [
        [
          138,
          4
        ],
        [
          90,
          51
        ]
      ]
    },
    "v2_OR": {
      "accuracy": 0.8904593639575972,
      "precision": 0.8273809523809523,
      "recall": 0.9858156028368794,
      "f1": 0.8996763754045307,
      "confusion_matrix": [
        [
          113,
          29
        ],
        [
          2,
          139
        ]
      ]
    },
    "v3_compromise": {
      "accuracy": 0.9045936395759717,
      "precision": 0.8518518518518519,
      "recall": 0.9787234042553191,
      "f1": 0.9108910891089109,
      "confusion_matrix": [
        [
          118,
          24
        ],
        [
          3,
          138
        ]
      ]
    },
    "raw": {
      "accuracy": 0.8939929328621908,
      "precision": 0.8363636363636363,
      "recall": 0.9787234042553191,
      "f1": 0.9019607843137255,
      "confusion_matrix": [
        [
          115,
          27
        ],
        [
          3,
          138
        ]
      ]
    }
  },
  "synthetic": {
    "v1": {
      "accuracy": 0.77,
      "precision": 0.8994082840236687,
      "recall": 0.608,
      "f1": 0.7255369928400954,
      "confusion_matrix": [
        [
          233,
          17
        ],
        [
          98,
          152
        ]
      ]
    },
    "v2_OR": {
      "accuracy": 0.552,
      "precision": 0.5365168539325843,
      "recall": 0.764,
      "f1": 0.6303630363036303,
      "confusion_matrix": [
        [
          85,
          165
        ],
        [
          59,
          191
        ]
      ]
    },
    "v3_compromise": {
      "accuracy": 0.564,
      "precision": 0.5465116279069767,
      "recall": 0.752,
      "f1": 0.632996632996633,
      "confusion_matrix": [
        [
          94,
          156
        ],
        [
          62,
          188
        ]
      ]
    },
    "raw": {
      "accuracy": 0.488,
      "precision": 0.49056603773584906,
      "recall": 0.624,
      "f1": 0.5492957746478874,
      "confusion_matrix": [
        [
          88,
          162
        ],
        [
          94,
          156
        ]
      ]
    }
  }
}