{
  "adversarial": {
    "old": {
      "raw": {
        "accuracy": 0.575,
        "precision": 0.6363636363636364,
        "recall": 0.35,
        "f1": 0.45161290322580644,
        "confusion_matrix": [
          [
            16,
            4
          ],
          [
            13,
            7
          ]
        ],
        "n": 40
      },
      "fused": {
        "accuracy": 1.0,
        "precision": 1.0,
        "recall": 1.0,
        "f1": 1.0,
        "confusion_matrix": [
          [
            20,
            0
          ],
          [
            0,
            20
          ]
        ],
        "n": 40
      }
    },
    "new": {
      "raw": {
        "accuracy": 0.625,
        "precision": 0.5714285714285714,
        "recall": 1.0,
        "f1": 0.7272727272727273,
        "confusion_matrix": [
          [
            5,
            15
          ],
          [
            0,
            20
          ]
        ],
        "n": 40
      },
      "fused": {
        "accuracy": 1.0,
        "precision": 1.0,
        "recall": 1.0,
        "f1": 1.0,
        "confusion_matrix": [
          [
            20,
            0
          ],
          [
            0,
            20
          ]
        ],
        "n": 40
      }
    }
  },
  "emscad_heldout": {
    "old": {
      "raw": {
        "accuracy": 0.4664310954063604,
        "precision": 0.4788135593220339,
        "recall": 0.8014184397163121,
        "f1": 0.5994694960212201,
        "confusion_matrix": [
          [
            19,
            123
          ],
          [
            28,
            113
          ]
        ],
        "n": 283
      },
      "fused": {
        "accuracy": 0.5618374558303887,
        "precision": 0.6197183098591549,
        "recall": 0.3120567375886525,
        "f1": 0.41509433962264153,
        "confusion_matrix": [
          [
            115,
            27
          ],
          [
            97,
            44
          ]
        ],
        "n": 283
      }
    },
    "new": {
      "raw": {
        "accuracy": 0.8939929328621908,
        "precision": 0.8363636363636363,
        "recall": 0.9787234042553191,
        "f1": 0.9019607843137255,
        "confusion_matrix": [
          [
            115,
            27
          ],
          [
            3,
            138
          ]
        ],
        "n": 283
      },
      "fused": {
        "accuracy": 0.6678445229681979,
        "precision": 0.9272727272727272,
        "recall": 0.3617021276595745,
        "f1": 0.5204081632653061,
        "confusion_matrix": [
          [
            138,
            4
          ],
          [
            90,
            51
          ]
        ],
        "n": 283
      }
    }
  },
  "synthetic_dataset": {
    "old": {
      "raw": {
        "accuracy": 0.984,
        "precision": 0.9745098039215686,
        "recall": 0.994,
        "f1": 0.9841584158415841,
        "confusion_matrix": [
          [
            487,
            13
          ],
          [
            3,
            497
          ]
        ],
        "n": 1000
      },
      "fused": {
        "accuracy": 0.793,
        "precision": 0.9592476489028213,
        "recall": 0.612,
        "f1": 0.7472527472527473,
        "confusion_matrix": [
          [
            487,
            13
          ],
          [
            194,
            306
          ]
        ],
        "n": 1000
      }
    },
    "new": {
      "raw": {
        "accuracy": 0.492,
        "precision": 0.49382716049382713,
        "recall": 0.64,
        "f1": 0.5574912891986062,
        "confusion_matrix": [
          [
            172,
            328
          ],
          [
            180,
            320
          ]
        ],
        "n": 1000
      },
      "fused": {
        "accuracy": 0.75,
        "precision": 0.9032258064516129,
        "recall": 0.56,
        "f1": 0.691358024691358,
        "confusion_matrix": [
          [
            470,
            30
          ],
          [
            220,
            280
          ]
        ],
        "n": 1000
      }
    }
  }
}